insert into Fall22_S001_8_CUSTOMER (CUST_ID, fName, lName, Email) values ('1', 'Roxana', 'Chisnell', 'rchisnell0@dot.gov');
insert into Fall22_S001_8_CUSTOMER (CUST_ID, fName, lName, Email) values ('2', 'Kingsley', 'Farnfield', 'kfarnfield1@canalblog.com');
insert into Fall22_S001_8_CUSTOMER (CUST_ID, fName, lName, Email) values ('3', 'Gordan', 'Cavilla', 'gcavilla2@usa.gov');
insert into Fall22_S001_8_CUSTOMER (CUST_ID, fName, lName, Email) values ('4', 'Phyllida', 'Orr', 'porr3@xrea.com');
insert into Fall22_S001_8_CUSTOMER (CUST_ID, fName, lName, Email) values ('5', 'Merralee', 'Slite', 'mslite4@netlog.com');
insert into Fall22_S001_8_CUSTOMER (CUST_ID, fName, lName, Email) values ('6', 'Free', 'Tipple', 'ftipple5@g.co');
insert into Fall22_S001_8_CUSTOMER (CUST_ID, fName, lName, Email) values ('7', 'Ivory', 'Greenan', 'igreenan6@ebay.co.uk');
insert into Fall22_S001_8_CUSTOMER (CUST_ID, fName, lName, Email) values ('8', 'Isabelle', 'Gideon', 'igideon7@toplist.cz');
insert into Fall22_S001_8_CUSTOMER (CUST_ID, fName, lName, Email) values ('9', 'Janina', 'Twiddle', 'jtwiddle8@wikispaces.com');
insert into Fall22_S001_8_CUSTOMER (CUST_ID, fName, lName, Email) values ('10', 'Quincey', 'Gauden', 'qgauden9@themeforest.net');
insert into Fall22_S001_8_CUSTOMER (CUST_ID, fName, lName, Email) values ('11', 'Antoine', 'Beyn', 'abeyna@mapy.cz');
insert into Fall22_S001_8_CUSTOMER (CUST_ID, fName, lName, Email) values ('12', 'Hannie', 'Gostall', 'hgostallb@home.pl');
insert into Fall22_S001_8_CUSTOMER (CUST_ID, fName, lName, Email) values ('13', 'Percy', 'Jodrelle', 'pjodrellec@addtoany.com');
insert into Fall22_S001_8_CUSTOMER (CUST_ID, fName, lName, Email) values ('14', 'Fae', 'Cockram', 'fcockramd@huffingtonpost.com');
insert into Fall22_S001_8_CUSTOMER (CUST_ID, fName, lName, Email) values ('15', 'Chery', 'Yeudall', 'cyeudalle@umich.edu');
insert into Fall22_S001_8_CUSTOMER (CUST_ID, fName, lName, Email) values ('16', 'Pauly', 'Massot', 'pmassotf@cafepress.com');
insert into Fall22_S001_8_CUSTOMER (CUST_ID, fName, lName, Email) values ('17', 'Myrtia', 'MacCart', 'mmaccartg@berkeley.edu');
insert into Fall22_S001_8_CUSTOMER (CUST_ID, fName, lName, Email) values ('18', 'Almeda', 'Ciobotaru', 'aciobotaruh@wix.com');
insert into Fall22_S001_8_CUSTOMER (CUST_ID, fName, lName, Email) values ('19', 'Guy', 'Maffey', 'gmaffeyi@businessweek.com');
insert into Fall22_S001_8_CUSTOMER (CUST_ID, fName, lName, Email) values ('20', 'Katerina', 'Solomonides', 'ksolomonidesj@state.gov');
insert into Fall22_S001_8_CUSTOMER (CUST_ID, fName, lName, Email) values ('21', 'Aldo', 'Beldam', 'abeldamk@scribd.com');
insert into Fall22_S001_8_CUSTOMER (CUST_ID, fName, lName, Email) values ('22', 'Augusta', 'Tuffley', 'atuffleyl@army.mil');
insert into Fall22_S001_8_CUSTOMER (CUST_ID, fName, lName, Email) values ('23', 'Roma', 'Milliere', 'rmillierem@tiny.cc');
insert into Fall22_S001_8_CUSTOMER (CUST_ID, fName, lName, Email) values ('24', 'Colas', 'Foulcher', 'cfoulchern@engadget.com');
insert into Fall22_S001_8_CUSTOMER (CUST_ID, fName, lName, Email) values ('25', 'Auria', 'Ramsbotham', 'aramsbothamo@1und1.de');
insert into Fall22_S001_8_CUSTOMER (CUST_ID, fName, lName, Email) values ('26', 'Rikki', 'Yele', 'ryelep@wisc.edu');
insert into Fall22_S001_8_CUSTOMER (CUST_ID, fName, lName, Email) values ('27', 'Lia', 'Winnett', 'lwinnettq@1688.com');
insert into Fall22_S001_8_CUSTOMER (CUST_ID, fName, lName, Email) values ('28', 'Nelle', 'Iacavone', 'niacavoner@engadget.com');
insert into Fall22_S001_8_CUSTOMER (CUST_ID, fName, lName, Email) values ('29', 'Benny', 'Millward', 'bmillwards@about.com');
insert into Fall22_S001_8_CUSTOMER (CUST_ID, fName, lName, Email) values ('30', 'Brynna', 'Walkington', 'bwalkingtont@a8.net');
insert into Fall22_S001_8_CUSTOMER (CUST_ID, fName, lName, Email) values ('31', 'Michale', 'Vowels', 'mvowelsu@plala.or.jp');
insert into Fall22_S001_8_CUSTOMER (CUST_ID, fName, lName, Email) values ('32', 'Zitella', 'O''Skehan', 'zoskehanv@webs.com');
insert into Fall22_S001_8_CUSTOMER (CUST_ID, fName, lName, Email) values ('33', 'Eldridge', 'Pumfrey', 'epumfreyw@imgur.com');
insert into Fall22_S001_8_CUSTOMER (CUST_ID, fName, lName, Email) values ('34', 'Obed', 'Antoszczyk', 'oantoszczykx@pcworld.com');
insert into Fall22_S001_8_CUSTOMER (CUST_ID, fName, lName, Email) values ('35', 'Otto', 'Shimon', 'oshimony@about.me');
insert into Fall22_S001_8_CUSTOMER (CUST_ID, fName, lName, Email) values ('36', 'Casie', 'McVeighty', 'cmcveightyz@bloomberg.com');
insert into Fall22_S001_8_CUSTOMER (CUST_ID, fName, lName, Email) values ('37', 'Tonia', 'Acland', 'tacland10@last.fm');
insert into Fall22_S001_8_CUSTOMER (CUST_ID, fName, lName, Email) values ('38', 'Prinz', 'Mellers', 'pmellers11@columbia.edu');
insert into Fall22_S001_8_CUSTOMER (CUST_ID, fName, lName, Email) values ('39', 'Hanni', 'D''Oyly', 'hdoyly12@economist.com');
insert into Fall22_S001_8_CUSTOMER (CUST_ID, fName, lName, Email) values ('40', 'Aloisia', 'Mc Trusty', 'amctrusty13@shutterfly.com');



insert into Fall22_S001_8_CUSTOMER_CONTACT (contact_CUST_ID, contact) values ('1', '170-496-7800');
insert into Fall22_S001_8_CUSTOMER_CONTACT (contact_CUST_ID, contact) values ('2', '736-404-5393');
insert into Fall22_S001_8_CUSTOMER_CONTACT (contact_CUST_ID, contact) values ('3', '538-819-4386');
insert into Fall22_S001_8_CUSTOMER_CONTACT (contact_CUST_ID, contact) values ('1', '605-500-3596');
insert into Fall22_S001_8_CUSTOMER_CONTACT (contact_CUST_ID, contact) values ('5', '828-730-4768');
insert into Fall22_S001_8_CUSTOMER_CONTACT (contact_CUST_ID, contact) values ('6', '267-163-5895');
insert into Fall22_S001_8_CUSTOMER_CONTACT (contact_CUST_ID, contact) values ('2', '880-478-5672');
insert into Fall22_S001_8_CUSTOMER_CONTACT (contact_CUST_ID, contact) values ('8', '885-127-0365');
insert into Fall22_S001_8_CUSTOMER_CONTACT (contact_CUST_ID, contact) values ('9', '570-661-6606');
insert into Fall22_S001_8_CUSTOMER_CONTACT (contact_CUST_ID, contact) values ('10', '224-349-8169');
insert into Fall22_S001_8_CUSTOMER_CONTACT (contact_CUST_ID, contact) values ('11', '262-114-9583');
insert into Fall22_S001_8_CUSTOMER_CONTACT (contact_CUST_ID, contact) values ('12', '711-342-8352');
insert into Fall22_S001_8_CUSTOMER_CONTACT (contact_CUST_ID, contact) values ('13', '767-488-2310');
insert into Fall22_S001_8_CUSTOMER_CONTACT (contact_CUST_ID, contact) values ('14', '330-349-9916');
insert into Fall22_S001_8_CUSTOMER_CONTACT (contact_CUST_ID, contact) values ('15', '579-447-8961');
insert into Fall22_S001_8_CUSTOMER_CONTACT (contact_CUST_ID, contact) values ('16', '205-726-3475');
insert into Fall22_S001_8_CUSTOMER_CONTACT (contact_CUST_ID, contact) values ('16', '929-698-2734');
insert into Fall22_S001_8_CUSTOMER_CONTACT (contact_CUST_ID, contact) values ('18', '204-525-3348');
insert into Fall22_S001_8_CUSTOMER_CONTACT (contact_CUST_ID, contact) values ('19', '655-440-0480');
insert into Fall22_S001_8_CUSTOMER_CONTACT (contact_CUST_ID, contact) values ('20', '452-210-0150');
insert into Fall22_S001_8_CUSTOMER_CONTACT (contact_CUST_ID, contact) values ('21', '617-358-9566');
insert into Fall22_S001_8_CUSTOMER_CONTACT (contact_CUST_ID, contact) values ('22', '671-224-8443');
insert into Fall22_S001_8_CUSTOMER_CONTACT (contact_CUST_ID, contact) values ('23', '961-938-5343');
insert into Fall22_S001_8_CUSTOMER_CONTACT (contact_CUST_ID, contact) values ('24', '978-788-3582');
insert into Fall22_S001_8_CUSTOMER_CONTACT (contact_CUST_ID, contact) values ('25', '426-958-5952');
insert into Fall22_S001_8_CUSTOMER_CONTACT (contact_CUST_ID, contact) values ('26', '542-538-9251');
insert into Fall22_S001_8_CUSTOMER_CONTACT (contact_CUST_ID, contact) values ('27', '180-248-1978');
insert into Fall22_S001_8_CUSTOMER_CONTACT (contact_CUST_ID, contact) values ('15', '120-848-6791');
insert into Fall22_S001_8_CUSTOMER_CONTACT (contact_CUST_ID, contact) values ('29', '974-746-5147');
insert into Fall22_S001_8_CUSTOMER_CONTACT (contact_CUST_ID, contact) values ('30', '376-426-4816');
insert into Fall22_S001_8_CUSTOMER_CONTACT (contact_CUST_ID, contact) values ('19', '398-989-4095');
insert into Fall22_S001_8_CUSTOMER_CONTACT (contact_CUST_ID, contact) values ('32', '887-513-2733');
insert into Fall22_S001_8_CUSTOMER_CONTACT (contact_CUST_ID, contact) values ('33', '742-311-0562');
insert into Fall22_S001_8_CUSTOMER_CONTACT (contact_CUST_ID, contact) values ('34', '590-404-1026');
insert into Fall22_S001_8_CUSTOMER_CONTACT (contact_CUST_ID, contact) values ('25', '633-353-5985');
insert into Fall22_S001_8_CUSTOMER_CONTACT (contact_CUST_ID, contact) values ('36', '580-107-9046');
insert into Fall22_S001_8_CUSTOMER_CONTACT (contact_CUST_ID, contact) values ('37', '144-125-3636');
insert into Fall22_S001_8_CUSTOMER_CONTACT (contact_CUST_ID, contact) values ('28', '714-169-5013');
insert into Fall22_S001_8_CUSTOMER_CONTACT (contact_CUST_ID, contact) values ('39', '598-906-2267');
insert into Fall22_S001_8_CUSTOMER_CONTACT (contact_CUST_ID, contact) values ('35', '168-445-6407');
insert into Fall22_S001_8_CUSTOMER_CONTACT (contact_CUST_ID, contact) values ('31', '635-453-2245');
insert into Fall22_S001_8_CUSTOMER_CONTACT (contact_CUST_ID, contact) values ('7',  '546-453-4634');
insert into Fall22_S001_8_CUSTOMER_CONTACT (contact_CUST_ID, contact) values ('34', '564-563-5463');
insert into Fall22_S001_8_CUSTOMER_CONTACT (contact_CUST_ID, contact) values ('1', '235-244-4356');
insert into Fall22_S001_8_CUSTOMER_CONTACT (contact_CUST_ID, contact) values ('10', '345-545-6546');
insert into Fall22_S001_8_CUSTOMER_CONTACT (contact_CUST_ID, contact) values ('33', '867-984-3646');
insert into Fall22_S001_8_CUSTOMER_CONTACT (contact_CUST_ID, contact) values ('16', '775-675-7458');
insert into Fall22_S001_8_CUSTOMER_CONTACT (contact_CUST_ID, contact) values ('22', '678-867-8776');
insert into Fall22_S001_8_CUSTOMER_CONTACT (contact_CUST_ID, contact) values ('37', '756-345-4533');
insert into Fall22_S001_8_CUSTOMER_CONTACT (contact_CUST_ID, contact) values ('29', '674-122-7743');



insert into Fall22_S001_8_ROOM (ROOM_ID,BED,SMOKING) values (100, 'Single', 'Yes');
insert into Fall22_S001_8_ROOM (ROOM_ID,BED,SMOKING) values (101, 'Double', 'Yes');
insert into Fall22_S001_8_ROOM (ROOM_ID,BED,SMOKING) values (102, 'Double', 'No');
insert into Fall22_S001_8_ROOM (ROOM_ID,BED,SMOKING) values (103, 'Single', 'No');
insert into Fall22_S001_8_ROOM (ROOM_ID,BED,SMOKING) values (104, 'Single', 'No');
insert into Fall22_S001_8_ROOM (ROOM_ID,BED,SMOKING) values (105, 'Double', 'Yes');
insert into Fall22_S001_8_ROOM (ROOM_ID,BED,SMOKING) values (106, 'Single', 'Yes');
insert into Fall22_S001_8_ROOM (ROOM_ID,BED,SMOKING) values (107, 'Double', 'No');
insert into Fall22_S001_8_ROOM (ROOM_ID,BED,SMOKING) values (108, 'Single', 'Yes');
insert into Fall22_S001_8_ROOM (ROOM_ID,BED,SMOKING) values (109, 'Single', 'No');
insert into Fall22_S001_8_ROOM (ROOM_ID,BED,SMOKING) values (110, 'Single', 'Yes');
insert into Fall22_S001_8_ROOM (ROOM_ID,BED,SMOKING) values (111, 'Single', 'Yes');
insert into Fall22_S001_8_ROOM (ROOM_ID,BED,SMOKING) values (112, 'Double', 'Yes');
insert into Fall22_S001_8_ROOM (ROOM_ID,BED,SMOKING) values (113, 'Double', 'Yes');
insert into Fall22_S001_8_ROOM (ROOM_ID,BED,SMOKING) values (114, 'Single', 'No');
insert into Fall22_S001_8_ROOM (ROOM_ID,BED,SMOKING) values (115, 'Single', 'No');
insert into Fall22_S001_8_ROOM (ROOM_ID,BED,SMOKING) values (116, 'Single', 'No');
insert into Fall22_S001_8_ROOM (ROOM_ID,BED,SMOKING) values (117, 'Double', 'Yes');
insert into Fall22_S001_8_ROOM (ROOM_ID,BED,SMOKING) values (118, 'Double', 'Yes');
insert into Fall22_S001_8_ROOM (ROOM_ID,BED,SMOKING) values (119, 'Double', 'No');
insert into Fall22_S001_8_ROOM (ROOM_ID,BED,SMOKING) values (200, 'Single', 'No');
insert into Fall22_S001_8_ROOM (ROOM_ID,BED,SMOKING) values (201, 'Single', 'No');
insert into Fall22_S001_8_ROOM (ROOM_ID,BED,SMOKING) values (202, 'Single', 'No');
insert into Fall22_S001_8_ROOM (ROOM_ID,BED,SMOKING) values (203, 'Single', 'Yes');
insert into Fall22_S001_8_ROOM (ROOM_ID,BED,SMOKING) values (204, 'Single', 'Yes');
insert into Fall22_S001_8_ROOM (ROOM_ID,BED,SMOKING) values (205, 'Double', 'Yes');
insert into Fall22_S001_8_ROOM (ROOM_ID,BED,SMOKING) values (206, 'Single', 'Yes');
insert into Fall22_S001_8_ROOM (ROOM_ID,BED,SMOKING) values (207, 'Single', 'Yes');
insert into Fall22_S001_8_ROOM (ROOM_ID,BED,SMOKING) values (208, 'Single', 'Yes');
insert into Fall22_S001_8_ROOM (ROOM_ID,BED,SMOKING) values (209, 'Double', 'No');
insert into Fall22_S001_8_ROOM (ROOM_ID,BED,SMOKING) values (210, 'Single', 'Yes');
insert into Fall22_S001_8_ROOM (ROOM_ID,BED,SMOKING) values (211, 'Single', 'Yes');
insert into Fall22_S001_8_ROOM (ROOM_ID,BED,SMOKING) values (212, 'Single', 'Yes');
insert into Fall22_S001_8_ROOM (ROOM_ID,BED,SMOKING) values (213, 'Single', 'Yes');
insert into Fall22_S001_8_ROOM (ROOM_ID,BED,SMOKING) values (214, 'Single', 'Yes');
insert into Fall22_S001_8_ROOM (ROOM_ID,BED,SMOKING) values (215, 'Single', 'Yes');
insert into Fall22_S001_8_ROOM (ROOM_ID,BED,SMOKING) values (216, 'Single', 'Yes');
insert into Fall22_S001_8_ROOM (ROOM_ID,BED,SMOKING) values (217, 'Double', 'No');
insert into Fall22_S001_8_ROOM (ROOM_ID,BED,SMOKING) values (218, 'Single', 'Yes');
insert into Fall22_S001_8_ROOM (ROOM_ID,BED,SMOKING) values (219, 'Double', 'Yes');


insert into Fall22_S001_8_BOOKING (CONF_NO, CHECKIN, CHECKOUT, PAYMENT_TYPE, AMOUNT, BOOKING_SOURCE, DATE_OF_BOOKING, booking_CUST_ID, booking_ROOM_ID) values ('19C223', to_date('2022-7-2','YYYY-MM-DD'), to_date('2022-7-6','YYYY-MM-DD'), 'Card', 275.10, 'Hotels.com', to_date('2022-5-14','YYYY-MM-DD'), '1', 101);
insert into Fall22_S001_8_BOOKING (CONF_NO, CHECKIN, CHECKOUT, PAYMENT_TYPE, AMOUNT, BOOKING_SOURCE, DATE_OF_BOOKING, booking_CUST_ID, booking_ROOM_ID) values ('84B213', to_date('2022-7-2','YYYY-MM-DD'), to_date('2022-7-4','YYYY-MM-DD'), 'Cash', 127.49, 'Booking.com', to_date('2022-6-9','YYYY-MM-DD'), '2', 102);
insert into Fall22_S001_8_BOOKING (CONF_NO, CHECKIN, CHECKOUT, PAYMENT_TYPE, AMOUNT, BOOKING_SOURCE, DATE_OF_BOOKING, booking_CUST_ID, booking_ROOM_ID) values ('88B233', to_date('2022-8-6','YYYY-MM-DD'), to_date('2022-8-8','YYYY-MM-DD'), 'Cash', 303.49, 'Expedia', to_date('2022-4-3','YYYY-MM-DD'), '3', 103);
insert into Fall22_S001_8_BOOKING (CONF_NO, CHECKIN, CHECKOUT, PAYMENT_TYPE, AMOUNT, BOOKING_SOURCE, DATE_OF_BOOKING, booking_CUST_ID, booking_ROOM_ID) values ('68C233', to_date('2022-6-11','YYYY-MM-DD'), to_date('2022-6-14','YYYY-MM-DD'), 'Cash',204.81, 'Priceline', to_date('2022-5-6','YYYY-MM-DD'), '4', 104);
insert into Fall22_S001_8_BOOKING (CONF_NO, CHECKIN, CHECKOUT, PAYMENT_TYPE, AMOUNT, BOOKING_SOURCE, DATE_OF_BOOKING, booking_CUST_ID, booking_ROOM_ID) values ('44A213', to_date('2022-8-4','YYYY-MM-DD'), to_date('2022-8-6','YYYY-MM-DD'), 'Cash', 244.03, 'Hotels.com', to_date('2022-5-8','YYYY-MM-DD'), '5', 105);
insert into Fall22_S001_8_BOOKING (CONF_NO, CHECKIN, CHECKOUT, PAYMENT_TYPE, AMOUNT, BOOKING_SOURCE, DATE_OF_BOOKING, booking_CUST_ID, booking_ROOM_ID) values ('24C233', to_date('2022-8-15','YYYY-MM-DD'), to_date('2022-8-18','YYYY-MM-DD'), 'Cash', 387.57, 'Booking.com', to_date('2022-3-7','YYYY-MM-DD'), '6', 106);
insert into Fall22_S001_8_BOOKING (CONF_NO, CHECKIN, CHECKOUT, PAYMENT_TYPE, AMOUNT, BOOKING_SOURCE, DATE_OF_BOOKING, booking_CUST_ID, booking_ROOM_ID) values ('69C233', to_date('2022-6-11','YYYY-MM-DD'), to_date('2022-6-15','YYYY-MM-DD'), 'Cash', 399.19, 'Priceline', to_date('2022-4-7','YYYY-MM-DD'), '7', 107);
insert into Fall22_S001_8_BOOKING (CONF_NO, CHECKIN, CHECKOUT, PAYMENT_TYPE, AMOUNT, BOOKING_SOURCE, DATE_OF_BOOKING, booking_CUST_ID, booking_ROOM_ID) values ('49C233', to_date('2022-8-4','YYYY-MM-DD'), to_date('2022-8-7','YYYY-MM-DD'), 'Cash', 175.52, 'Priceline', to_date('2022-6-25','YYYY-MM-DD'), '8', 108);
insert into Fall22_S001_8_BOOKING (CONF_NO, CHECKIN, CHECKOUT, PAYMENT_TYPE, AMOUNT, BOOKING_SOURCE, DATE_OF_BOOKING, booking_CUST_ID, booking_ROOM_ID) values ('34C233', to_date('2022-7-17','YYYY-MM-DD'), to_date('2022-7-20','YYYY-MM-DD'), 'Card', 374.69, 'Booking.com', to_date('2022-7-7','YYYY-MM-DD'), '9', 109);
insert into Fall22_S001_8_BOOKING (CONF_NO, CHECKIN, CHECKOUT, PAYMENT_TYPE, AMOUNT, BOOKING_SOURCE, DATE_OF_BOOKING, booking_CUST_ID, booking_ROOM_ID) values ('44B223', to_date('2022-7-14','YYYY-MM-DD'), to_date('2022-7-17','YYYY-MM-DD'), 'Cash', 104.83, 'Priceline', to_date('2022-7-14','YYYY-MM-DD'), '10', 110);
insert into Fall22_S001_8_BOOKING (CONF_NO, CHECKIN, CHECKOUT, PAYMENT_TYPE, AMOUNT, BOOKING_SOURCE, DATE_OF_BOOKING, booking_CUST_ID, booking_ROOM_ID) values ('54C233', to_date('2022-8-13','YYYY-MM-DD'), to_date('2022-8-18','YYYY-MM-DD'), 'Card', 264.84, 'Priceline', to_date('2022-5-5','YYYY-MM-DD'), '11', 111);
insert into Fall22_S001_8_BOOKING (CONF_NO, CHECKIN, CHECKOUT, PAYMENT_TYPE, AMOUNT, BOOKING_SOURCE, DATE_OF_BOOKING, booking_CUST_ID, booking_ROOM_ID) values ('04C233', to_date('2022-8-12','YYYY-MM-DD'), to_date('2022-8-16','YYYY-MM-DD'), 'Cash', 266.75, 'Expedia', to_date('2022-4-5','YYYY-MM-DD'), '12', 112);
insert into Fall22_S001_8_BOOKING (CONF_NO, CHECKIN, CHECKOUT, PAYMENT_TYPE, AMOUNT, BOOKING_SOURCE, DATE_OF_BOOKING, booking_CUST_ID, booking_ROOM_ID) values ('44C233', to_date('2022-5-15','YYYY-MM-DD'), to_date('2022-5-17','YYYY-MM-DD'), 'Cash', 154.73, 'Booking.com', to_date('2022-3-10','YYYY-MM-DD'), '13', 113);
insert into Fall22_S001_8_BOOKING (CONF_NO, CHECKIN, CHECKOUT, PAYMENT_TYPE, AMOUNT, BOOKING_SOURCE, DATE_OF_BOOKING, booking_CUST_ID, booking_ROOM_ID) values ('94B233', to_date('2022-6-13','YYYY-MM-DD'), to_date('2022-6-17','YYYY-MM-DD'), 'Cash', 204.46, 'Hotels.com', to_date('2022-4-8','YYYY-MM-DD'), '14', 114);
insert into Fall22_S001_8_BOOKING (CONF_NO, CHECKIN, CHECKOUT, PAYMENT_TYPE, AMOUNT, BOOKING_SOURCE, DATE_OF_BOOKING, booking_CUST_ID, booking_ROOM_ID) values ('14B213', to_date('2022-8-10','YYYY-MM-DD'), to_date('2022-8-13','YYYY-MM-DD'), 'Cash', 257.68, 'Hotels.com', to_date('2022-3-19','YYYY-MM-DD'), '15', 115);
insert into Fall22_S001_8_BOOKING (CONF_NO, CHECKIN, CHECKOUT, PAYMENT_TYPE, AMOUNT, BOOKING_SOURCE, DATE_OF_BOOKING, booking_CUST_ID, booking_ROOM_ID) values ('04A233', to_date('2022-8-12','YYYY-MM-DD'), to_date('2022-8-17','YYYY-MM-DD'), 'Cash', 199.53, 'Expedia', to_date('2022-7-20','YYYY-MM-DD'), '16', 201);
insert into Fall22_S001_8_BOOKING (CONF_NO, CHECKIN, CHECKOUT, PAYMENT_TYPE, AMOUNT, BOOKING_SOURCE, DATE_OF_BOOKING, booking_CUST_ID, booking_ROOM_ID) values ('14C223', to_date('2022-6-17','YYYY-MM-DD'), to_date('2022-6-20','YYYY-MM-DD'), 'Cash', 158.44, 'Priceline', to_date('2022-5-20','YYYY-MM-DD'), '17', 202);
insert into Fall22_S001_8_BOOKING (CONF_NO, CHECKIN, CHECKOUT, PAYMENT_TYPE, AMOUNT, BOOKING_SOURCE, DATE_OF_BOOKING, booking_CUST_ID, booking_ROOM_ID) values ('34A233', to_date('2022-7-13','YYYY-MM-DD'), to_date('2022-7-18','YYYY-MM-DD'), 'Cash', 319.77, 'Hotels.com', to_date('2022-6-10','YYYY-MM-DD'), '18', 203);
insert into Fall22_S001_8_BOOKING (CONF_NO, CHECKIN, CHECKOUT, PAYMENT_TYPE, AMOUNT, BOOKING_SOURCE, DATE_OF_BOOKING, booking_CUST_ID, booking_ROOM_ID) values ('74A213', to_date('2022-8-19','YYYY-MM-DD'), to_date('2022-8-21','YYYY-MM-DD'), 'Cash', 272.58, 'Priceline', to_date('2022-7-3','YYYY-MM-DD'), '19', 204);
insert into Fall22_S001_8_BOOKING (CONF_NO, CHECKIN, CHECKOUT, PAYMENT_TYPE, AMOUNT, BOOKING_SOURCE, DATE_OF_BOOKING, booking_CUST_ID, booking_ROOM_ID) values ('94C223', to_date('2022-5-20','YYYY-MM-DD'), to_date('2022-5-23','YYYY-MM-DD'), 'Cash', 132.76, 'Hotels.com', to_date('2022-3-12','YYYY-MM-DD'), '20', 205);
insert into Fall22_S001_8_BOOKING (CONF_NO, CHECKIN, CHECKOUT, PAYMENT_TYPE, AMOUNT, BOOKING_SOURCE, DATE_OF_BOOKING, booking_CUST_ID, booking_ROOM_ID) values ('94A233', to_date('2022-4-18','YYYY-MM-DD'), to_date('2022-4-21','YYYY-MM-DD'), 'Cash', 135.41, 'Expedia', to_date('2022-4-13','YYYY-MM-DD'), '21', 206);
insert into Fall22_S001_8_BOOKING (CONF_NO, CHECKIN, CHECKOUT, PAYMENT_TYPE, AMOUNT, BOOKING_SOURCE, DATE_OF_BOOKING, booking_CUST_ID, booking_ROOM_ID) values ('54B213', to_date('2022-4-19','YYYY-MM-DD'), to_date('2022-4-22','YYYY-MM-DD'), 'Card', 184.88, 'Expedia', to_date('2022-3-28','YYYY-MM-DD'), '22', 207);
insert into Fall22_S001_8_BOOKING (CONF_NO, CHECKIN, CHECKOUT, PAYMENT_TYPE, AMOUNT, BOOKING_SOURCE, DATE_OF_BOOKING, booking_CUST_ID, booking_ROOM_ID) values ('64B223', to_date('2022-8-21','YYYY-MM-DD'), to_date('2022-8-25','YYYY-MM-DD'), 'Card', 358.91, 'Hotels.com', to_date('2022-7-29','YYYY-MM-DD'), '23', 208);
insert into Fall22_S001_8_BOOKING (CONF_NO, CHECKIN, CHECKOUT, PAYMENT_TYPE, AMOUNT, BOOKING_SOURCE, DATE_OF_BOOKING, booking_CUST_ID, booking_ROOM_ID) values ('48A213', to_date('2022-6-20','YYYY-MM-DD'), to_date('2022-6-24','YYYY-MM-DD'), 'Card', 127.84, 'Hotels.com', to_date('2022-4-26','YYYY-MM-DD'), '24', 209);
insert into Fall22_S001_8_BOOKING (CONF_NO, CHECKIN, CHECKOUT, PAYMENT_TYPE, AMOUNT, BOOKING_SOURCE, DATE_OF_BOOKING, booking_CUST_ID, booking_ROOM_ID) values ('54B233', to_date('2022-5-21','YYYY-MM-DD'), to_date('2022-5-24','YYYY-MM-DD'), 'Card', 136.08, 'Hotels.com', to_date('2022-4-15','YYYY-MM-DD'), '25', 210);
insert into Fall22_S001_8_BOOKING (CONF_NO, CHECKIN, CHECKOUT, PAYMENT_TYPE, AMOUNT, BOOKING_SOURCE, DATE_OF_BOOKING, booking_CUST_ID, booking_ROOM_ID) values ('64C233', to_date('2022-8-25','YYYY-MM-DD'), to_date('2022-8-29','YYYY-MM-DD'), 'Cash', 105.13, 'Hotels.com', to_date('2022-7-30','YYYY-MM-DD'), '26', 211);
insert into Fall22_S001_8_BOOKING (CONF_NO, CHECKIN, CHECKOUT, PAYMENT_TYPE, AMOUNT, BOOKING_SOURCE, DATE_OF_BOOKING, booking_CUST_ID, booking_ROOM_ID) values ('84A233', to_date('2022-6-25','YYYY-MM-DD'), to_date('2022-6-28','YYYY-MM-DD'), 'Cash', 156.82, 'Priceline', to_date('2022-5-17','YYYY-MM-DD'), '27', 212);
insert into Fall22_S001_8_BOOKING (CONF_NO, CHECKIN, CHECKOUT, PAYMENT_TYPE, AMOUNT, BOOKING_SOURCE, DATE_OF_BOOKING, booking_CUST_ID, booking_ROOM_ID) values ('98B233', to_date('2022-5-14','YYYY-MM-DD'), to_date('2022-5-17','YYYY-MM-DD'), 'Cash', 367.17, 'Booking.com', to_date('2022-4-22','YYYY-MM-DD'), '28', 213);
insert into Fall22_S001_8_BOOKING (CONF_NO, CHECKIN, CHECKOUT, PAYMENT_TYPE, AMOUNT, BOOKING_SOURCE, DATE_OF_BOOKING, booking_CUST_ID, booking_ROOM_ID) values ('49B223', to_date('2022-7-10','YYYY-MM-DD'), to_date('2022-7-14','YYYY-MM-DD'), 'Card', 306.58, 'Hotels.com', to_date('2022-6-23','YYYY-MM-DD'), '29', 214);
insert into Fall22_S001_8_BOOKING (CONF_NO, CHECKIN, CHECKOUT, PAYMENT_TYPE, AMOUNT, BOOKING_SOURCE, DATE_OF_BOOKING, booking_CUST_ID, booking_ROOM_ID) values ('74B223', to_date('2022-6-10','YYYY-MM-DD'), to_date('2022-6-13','YYYY-MM-DD'), 'Card', 314.63, 'Priceline', to_date('2022-6-10','YYYY-MM-DD'), '30', 215);
insert into Fall22_S001_8_BOOKING (CONF_NO, CHECKIN, CHECKOUT, PAYMENT_TYPE, AMOUNT, BOOKING_SOURCE, DATE_OF_BOOKING, booking_CUST_ID, booking_ROOM_ID) values ('14C233', to_date('2022-5-14','YYYY-MM-DD'), to_date('2022-5-17','YYYY-MM-DD'), 'Cash', 382.06, 'Booking.com', to_date('2022-4-1','YYYY-MM-DD'), '31', 101);
insert into Fall22_S001_8_BOOKING (CONF_NO, CHECKIN, CHECKOUT, PAYMENT_TYPE, AMOUNT, BOOKING_SOURCE, DATE_OF_BOOKING, booking_CUST_ID, booking_ROOM_ID) values ('09A233', to_date('2022-4-14','YYYY-MM-DD'), to_date('2022-4-17','YYYY-MM-DD'), 'Cash', 286.10, 'Priceline', to_date('2022-3-4','YYYY-MM-DD'), '32', 102);
insert into Fall22_S001_8_BOOKING (CONF_NO, CHECKIN, CHECKOUT, PAYMENT_TYPE, AMOUNT, BOOKING_SOURCE, DATE_OF_BOOKING, booking_CUST_ID, booking_ROOM_ID) values ('64A233', to_date('2022-8-11','YYYY-MM-DD'), to_date('2022-8-15','YYYY-MM-DD'), 'Card', 233.72, 'Priceline', to_date('2022-7-26','YYYY-MM-DD'), '33', 103);
insert into Fall22_S001_8_BOOKING (CONF_NO, CHECKIN, CHECKOUT, PAYMENT_TYPE, AMOUNT, BOOKING_SOURCE, DATE_OF_BOOKING, booking_CUST_ID, booking_ROOM_ID) values ('44C223', to_date('2022-4-5','YYYY-MM-DD'), to_date('2022-4-9','YYYY-MM-DD'), 'Cash', 118.88, 'Booking.com', to_date('2022-3-4','YYYY-MM-DD'), '34', 104);
insert into Fall22_S001_8_BOOKING (CONF_NO, CHECKIN, CHECKOUT, PAYMENT_TYPE, AMOUNT, BOOKING_SOURCE, DATE_OF_BOOKING, booking_CUST_ID, booking_ROOM_ID) values ('89B223', to_date('2022-7-11','YYYY-MM-DD'), to_date('2022-7-15','YYYY-MM-DD'), 'Card', 203.61, 'Priceline', to_date('2022-7-2','YYYY-MM-DD'), '35', 105);
insert into Fall22_S001_8_BOOKING (CONF_NO, CHECKIN, CHECKOUT, PAYMENT_TYPE, AMOUNT, BOOKING_SOURCE, DATE_OF_BOOKING, booking_CUST_ID, booking_ROOM_ID) values ('84B233', to_date('2022-6-9','YYYY-MM-DD'), to_date('2022-6-13','YYYY-MM-DD'), 'Card', 219.33, 'Booking.com', to_date('2022-5-1','YYYY-MM-DD'), '36', 106);
insert into Fall22_S001_8_BOOKING (CONF_NO, CHECKIN, CHECKOUT, PAYMENT_TYPE, AMOUNT, BOOKING_SOURCE, DATE_OF_BOOKING, booking_CUST_ID, booking_ROOM_ID) values ('84C223', to_date('2022-5-9','YYYY-MM-DD'), to_date('2022-5-11','YYYY-MM-DD'), 'Card', 330.57, 'Expedia', to_date('2022-5-7','YYYY-MM-DD'), '37', 107);
insert into Fall22_S001_8_BOOKING (CONF_NO, CHECKIN, CHECKOUT, PAYMENT_TYPE, AMOUNT, BOOKING_SOURCE, DATE_OF_BOOKING, booking_CUST_ID, booking_ROOM_ID) values ('74A233', to_date('2022-6-9','YYYY-MM-DD'), to_date('2022-6-14','YYYY-MM-DD'), 'Card', 252.60, 'Expedia', to_date('2022-5-7','YYYY-MM-DD'), '38', 108);
insert into Fall22_S001_8_BOOKING (CONF_NO, CHECKIN, CHECKOUT, PAYMENT_TYPE, AMOUNT, BOOKING_SOURCE, DATE_OF_BOOKING, booking_CUST_ID, booking_ROOM_ID) values ('84B223', to_date('2022-8-6','YYYY-MM-DD'), to_date('2022-8-9','YYYY-MM-DD'), 'Card', 255.15, 'Priceline', to_date('2022-7-21','YYYY-MM-DD'), '39', 109);
insert into Fall22_S001_8_BOOKING (CONF_NO, CHECKIN, CHECKOUT, PAYMENT_TYPE, AMOUNT, BOOKING_SOURCE, DATE_OF_BOOKING, booking_CUST_ID, booking_ROOM_ID) values ('58B233', to_date('2022-5-13','YYYY-MM-DD'), to_date('2022-5-18','YYYY-MM-DD'), 'Card', 198.71, 'Priceline', to_date('2022-4-20','YYYY-MM-DD'), '40', 110);
insert into Fall22_S001_8_BOOKING (CONF_NO, CHECKIN, CHECKOUT, PAYMENT_TYPE, AMOUNT, BOOKING_SOURCE, DATE_OF_BOOKING, booking_CUST_ID, booking_ROOM_ID) values ('45E346', to_date('2022-4-17','YYYY-MM-DD'), to_date('2022-4-18','YYYY-MM-DD'), 'Cash', 341.45, 'Priceline', to_date('2022-3-15','YYYY-MM-DD'), '7', 116);
insert into Fall22_S001_8_BOOKING (CONF_NO, CHECKIN, CHECKOUT, PAYMENT_TYPE, AMOUNT, BOOKING_SOURCE, DATE_OF_BOOKING, booking_CUST_ID, booking_ROOM_ID) values ('85T742', to_date('2022-6-15','YYYY-MM-DD'), to_date('2022-6-16','YYYY-MM-DD'), 'Card', 110.98, 'Priceline', to_date('2022-4-5','YYYY-MM-DD'), '14', 117);
insert into Fall22_S001_8_BOOKING (CONF_NO, CHECKIN, CHECKOUT, PAYMENT_TYPE, AMOUNT, BOOKING_SOURCE, DATE_OF_BOOKING, booking_CUST_ID, booking_ROOM_ID) values ('25B563', to_date('2022-5-1','YYYY-MM-DD'), to_date('2022-5-5','YYYY-MM-DD'), 'Cash', 210.54, 'Priceline', to_date('2022-4-23','YYYY-MM-DD'), '32', 118);
insert into Fall22_S001_8_BOOKING (CONF_NO, CHECKIN, CHECKOUT, PAYMENT_TYPE, AMOUNT, BOOKING_SOURCE, DATE_OF_BOOKING, booking_CUST_ID, booking_ROOM_ID) values ('75D346', to_date('2022-8-22','YYYY-MM-DD'), to_date('2022-8-26','YYYY-MM-DD'), 'Cash', 200.12, 'Priceline', to_date('2022-7-19','YYYY-MM-DD'), '40', 216);
insert into Fall22_S001_8_BOOKING (CONF_NO, CHECKIN, CHECKOUT, PAYMENT_TYPE, AMOUNT, BOOKING_SOURCE, DATE_OF_BOOKING, booking_CUST_ID, booking_ROOM_ID) values ('85K525', to_date('2022-4-17','YYYY-MM-DD'), to_date('2022-4-20','YYYY-MM-DD'), 'Card', 321.22, 'Priceline', to_date('2022-3-5','YYYY-MM-DD'), '35', 217);
insert into Fall22_S001_8_BOOKING (CONF_NO, CHECKIN, CHECKOUT, PAYMENT_TYPE, AMOUNT, BOOKING_SOURCE, DATE_OF_BOOKING, booking_CUST_ID, booking_ROOM_ID) values ('36A346', to_date('2022-5-1','YYYY-MM-DD'), to_date('2022-5-5','YYYY-MM-DD'), 'Card', 110.45, 'Priceline', to_date('2022-4-23','YYYY-MM-DD'), '12', 218);


insert into Fall22_S001_8_REFUND (REFUND_ID, REASON, AMOUNT, refund_CUST_ID, refund_CONF_NO) values ('C493', null, 251.46, '6', '24C233');
insert into Fall22_S001_8_REFUND (REFUND_ID, REASON, AMOUNT, refund_CUST_ID, refund_CONF_NO) values ('N433', null, 103.81, '7', '69C233');
insert into Fall22_S001_8_REFUND (REFUND_ID, REASON, AMOUNT, refund_CUST_ID, refund_CONF_NO) values ('F453', null, 274.40, '8', '49C233');
insert into Fall22_S001_8_REFUND (REFUND_ID, REASON, AMOUNT, refund_CUST_ID, refund_CONF_NO) values ('X413', null, 266.58, '9', '34C233');
insert into Fall22_S001_8_REFUND (REFUND_ID, REASON, AMOUNT, refund_CUST_ID, refund_CONF_NO) values ('D443', 'noise issues', 290.54, '10', '44B223');
insert into Fall22_S001_8_REFUND (REFUND_ID, REASON, AMOUNT, refund_CUST_ID, refund_CONF_NO) values ('H453', 'Room not clean', 172.87, '11', '54C233');
insert into Fall22_S001_8_REFUND (REFUND_ID, REASON, AMOUNT, refund_CUST_ID, refund_CONF_NO) values ('Y453', 'Room not clean', 240.20, '12', '04C233');
insert into Fall22_S001_8_REFUND (REFUND_ID, REASON, AMOUNT, refund_CUST_ID, refund_CONF_NO) values ('Y443', 'Room not clean', 131.62, '13', '44C233');
insert into Fall22_S001_8_REFUND (REFUND_ID, REASON, AMOUNT, refund_CUST_ID, refund_CONF_NO) values ('H463', null, 235.88, '14', '94B233');
insert into Fall22_S001_8_REFUND (REFUND_ID, REASON, AMOUNT, refund_CUST_ID, refund_CONF_NO) values ('V473', 'bed bug issues', 159.85, '15', '14B213');
insert into Fall22_S001_8_REFUND (REFUND_ID, REASON, AMOUNT, refund_CUST_ID, refund_CONF_NO) values ('K443', 'staff issues', 206.94, '16', '04A233');
insert into Fall22_S001_8_REFUND (REFUND_ID, REASON, AMOUNT, refund_CUST_ID, refund_CONF_NO) values ('O493', 'bed bug issues', 136.65, '17', '14C223');
insert into Fall22_S001_8_REFUND (REFUND_ID, REASON, AMOUNT, refund_CUST_ID, refund_CONF_NO) values ('U493', 'lighting issues', 230.13, '18', '34A233');
insert into Fall22_S001_8_REFUND (REFUND_ID, REASON, AMOUNT, refund_CUST_ID, refund_CONF_NO) values ('X423', 'lighting issues', 292.19, '19', '74A213');
insert into Fall22_S001_8_REFUND (REFUND_ID, REASON, AMOUNT, refund_CUST_ID, refund_CONF_NO) values ('E453', 'entertainment issues', 107.89, '20', '94C223');
insert into Fall22_S001_8_REFUND (REFUND_ID, REASON, AMOUNT, refund_CUST_ID, refund_CONF_NO) values ('E403', 'Breakfast issues', 171.52, '21', '94A233');
insert into Fall22_S001_8_REFUND (REFUND_ID, REASON, AMOUNT, refund_CUST_ID, refund_CONF_NO) values ('M403', null, 162.98, '22', '54B213');
insert into Fall22_S001_8_REFUND (REFUND_ID, REASON, AMOUNT, refund_CUST_ID, refund_CONF_NO) values ('O423', 'shower not working', 141.22, '23', '64B223');
insert into Fall22_S001_8_REFUND (REFUND_ID, REASON, AMOUNT, refund_CUST_ID, refund_CONF_NO) values ('X426', null, 252.10, '24', '48A213');
insert into Fall22_S001_8_REFUND (REFUND_ID, REASON, AMOUNT, refund_CUST_ID, refund_CONF_NO) values ('P493', null, 220.00, '25', '54B233');


insert into Fall22_S001_8_REVIEWS (REVIEW_ID, review_CUST_ID, REASON) values ('D233', '16', 'smell issues');
insert into Fall22_S001_8_REVIEWS (REVIEW_ID, review_CUST_ID, REASON) values ('K243', '17', 'smell issues');
insert into Fall22_S001_8_REVIEWS (REVIEW_ID, review_CUST_ID, REASON) values ('P273', '18', 'bed issues');
insert into Fall22_S001_8_REVIEWS (REVIEW_ID, review_CUST_ID, REASON) values ('T263', '19', 'bed issues');
insert into Fall22_S001_8_REVIEWS (REVIEW_ID, review_CUST_ID, REASON) values ('E293', '20', 'bed issues');
insert into Fall22_S001_8_REVIEWS (REVIEW_ID, review_CUST_ID, REASON) values ('A263', '21', 'bed bug issues');
insert into Fall22_S001_8_REVIEWS (REVIEW_ID, review_CUST_ID, REASON) values ('W233', '22', 'improvement issues');
insert into Fall22_S001_8_REVIEWS (REVIEW_ID, review_CUST_ID, REASON) values ('L233', '23', 'noise issues');
insert into Fall22_S001_8_REVIEWS (REVIEW_ID, review_CUST_ID, REASON) values ('A253', '24', 'improvement issues');
insert into Fall22_S001_8_REVIEWS (REVIEW_ID, review_CUST_ID, REASON) values ('H243', '25', 'improvement issues');
insert into Fall22_S001_8_REVIEWS (REVIEW_ID, review_CUST_ID, REASON) values ('B273', '26', 'bed issues');
insert into Fall22_S001_8_REVIEWS (REVIEW_ID, review_CUST_ID, REASON) values ('K245', '27', 'noise issues');
insert into Fall22_S001_8_REVIEWS (REVIEW_ID, review_CUST_ID, REASON) values ('F293', '28', 'bed bug issues');
insert into Fall22_S001_8_REVIEWS (REVIEW_ID, review_CUST_ID, REASON) values ('U213', '29', 'shower not working');
insert into Fall22_S001_8_REVIEWS (REVIEW_ID, review_CUST_ID, REASON) values ('X293', '30', 'bed bug issues');
insert into Fall22_S001_8_REVIEWS (REVIEW_ID, review_CUST_ID, REASON) values ('Z253', '31', 'noise issues');
insert into Fall22_S001_8_REVIEWS (REVIEW_ID, review_CUST_ID, REASON) values ('F223', '32', 'entertainment issues');
insert into Fall22_S001_8_REVIEWS (REVIEW_ID, review_CUST_ID, REASON) values ('U253', '33', 'maintenance issues');
insert into Fall22_S001_8_REVIEWS (REVIEW_ID, review_CUST_ID, REASON) values ('T233', '34', 'shower not working');
insert into Fall22_S001_8_REVIEWS (REVIEW_ID, review_CUST_ID, REASON) values ('X292', '35', 'lighting issues');